-- phpMyAdmin SQL Dump
-- version 4.6.4
-- https://www.phpmyadmin.net/
--
-- Client :  127.0.0.1
-- Généré le :  Jeu 23 Février 2017 à 13:04
-- Version du serveur :  5.7.14
-- Version de PHP :  5.6.25

SET SQL_MODE = "NO_AUTO_VALUE_ON_ZERO";
SET time_zone = "+00:00";


/*!40101 SET @OLD_CHARACTER_SET_CLIENT=@@CHARACTER_SET_CLIENT */;
/*!40101 SET @OLD_CHARACTER_SET_RESULTS=@@CHARACTER_SET_RESULTS */;
/*!40101 SET @OLD_COLLATION_CONNECTION=@@COLLATION_CONNECTION */;
/*!40101 SET NAMES utf8mb4 */;

--
-- Base de données :  `optimex`
--

-- --------------------------------------------------------

--
-- Structure de la table `alliage`
--

CREATE TABLE `alliage` (
  `CodeAlliage` int(11) NOT NULL,
  `Nom` varchar(255) NOT NULL
) ENGINE=MyISAM DEFAULT CHARSET=latin1;

--
-- Contenu de la table `alliage`
--

INSERT INTO `alliage` (`CodeAlliage`, `Nom`) VALUES
(1, 'Fonte SiMo'),
(2, 'Fonte Nirésist'),
(3, 'Fonte GL1alliée'),
(4, 'Fonte GL2 alliée'),
(5, 'Fonte alliée Cr'),
(6, 'Fonte GL1'),
(7, 'Fonte GL3 alliée'),
(8, 'Fonte alliée HCr'),
(9, 'Fonte GS 400-15'),
(10, 'Fonte GS 500-7'),
(11, 'Fonte GS 700-2'),
(25, 'Fonte10'),
(33, 'Fonte1'),
(34, 'CN2512'),
(35, '35CD4'),
(36, 'FonteGScanal'),
(37, 'FonteGLPhosphore'),
(38, 'FourdecouléeGS1'),
(39, 'FonteGSmétalpoche'),
(40, 'FonteGL3mélange'),
(41, 'FonteGS7002mélange');

-- --------------------------------------------------------

--
-- Structure de la table `compo`
--

CREATE TABLE `compo` (
  `CodeMatiere` int(11) NOT NULL,
  `CodeCompo` int(11) NOT NULL,
  `CodeElement` int(11) NOT NULL,
  `Teneur` double NOT NULL,
  `Rendement` double NOT NULL,
  `RendementLiquide` double NOT NULL
) ENGINE=MyISAM DEFAULT CHARSET=latin1;

--
-- Contenu de la table `compo`
--

INSERT INTO `compo` (`CodeMatiere`, `CodeCompo`, `CodeElement`, `Teneur`, `Rendement`, `RendementLiquide`) VALUES
(1, 1, 1, 4.05, 98, 100),
(1, 2, 2, 1.32, 98, 100),
(1, 3, 3, 0.01, 100, 100),
(1, 4, 4, 0.05, 100, 100),
(1, 5, 5, 0.04, 100, 100),
(1, 6, 6, 0.05, 100, 100),
(1, 7, 7, 0.05, 100, 100),
(1, 8, 8, 0.05, 100, 100),
(1, 9, 9, 0.05, 100, 100),
(2, 1, 1, 0.2, 100, 100),
(2, 2, 2, 0.15, 100, 100),
(2, 3, 3, 0.01, 100, 100),
(2, 4, 4, 0.03, 100, 100),
(2, 5, 5, 0.5, 100, 100),
(2, 6, 6, 0.05, 100, 100),
(2, 7, 7, 0.08, 100, 100),
(2, 8, 8, 0.08, 100, 100),
(2, 9, 9, 0.12, 100, 100),
(3, 1, 1, 3.35, 98, 100),
(3, 2, 2, 1.8, 98, 100),
(3, 3, 3, 0.12, 100, 100),
(3, 4, 4, 0.1, 100, 100),
(3, 5, 5, 0.6, 100, 100),
(3, 6, 6, 0.05, 100, 100),
(3, 7, 7, 0.05, 100, 100),
(3, 8, 8, 0.08, 100, 100),
(3, 9, 9, 0.15, 100, 100),
(4, 1, 1, 0.01, 100, 100),
(4, 2, 2, 0.01, 100, 100),
(4, 3, 3, 0.02, 100, 100),
(4, 4, 4, 0.06, 100, 100),
(4, 5, 5, 0.25, 100, 100),
(4, 6, 6, 0.05, 100, 100),
(4, 7, 7, 0.05, 100, 100),
(4, 8, 8, 0.05, 100, 100),
(4, 9, 9, 0.1, 100, 100),
(5, 1, 1, 3.40000009536743, 98, 100),
(5, 2, 2, 1.85000002384186, 100, 100),
(5, 3, 3, 0.119999997317791, 100, 100),
(5, 4, 4, 0.119999997317791, 100, 100),
(5, 5, 5, 0.649999976158142, 100, 100),
(5, 6, 6, 0.0799999982118607, 100, 100),
(5, 7, 7, 0.0799999982118607, 100, 100),
(5, 8, 8, 0.0799999982118607, 100, 100),
(5, 9, 9, 0.150000005960464, 100, 100),
(6, 1, 1, 98, 96, 92),
(6, 2, 2, 0.02, 100, 100),
(6, 3, 3, 0.02, 100, 100),
(7, 1, 1, 0.5, 100, 100),
(7, 2, 8, 55, 95, 92),
(8, 1, 2, 72, 98, 95),
(9, 1, 1, 0.5, 90, 80),
(9, 5, 5, 72, 98, 98),
(10, 4, 4, 26, 100, 98),
(11, 1, 1, 0.1, 90, 90),
(11, 2, 2, 3, 95, 95),
(11, 6, 6, 50, 100, 98),
(12, 3, 3, 30, 100, 98),
(13, 10, 10, 76, 100, 100),
(14, 9, 9, 99, 100, 99),
(15, 1, 1, 0.2, 100, 100),
(15, 2, 2, 0.5, 100, 100),
(15, 7, 7, 99.3, 100, 100),
(16, 1, 1, 0.0299999993294477, 95, 95),
(16, 2, 5, 0.360000014305115, 100, 100),
(16, 3, 8, 68.5999984741211, 98, 83.9700012207031),
(17, 1, 1, 0.2, 100, 100),
(17, 2, 2, 0.15, 100, 100),
(17, 3, 3, 0.01, 100, 100),
(17, 4, 4, 0.03, 100, 100),
(17, 5, 5, 0.25, 100, 100),
(17, 6, 6, 0, 100, 100),
(17, 7, 7, 0.03, 100, 100),
(17, 8, 8, 0.08, 100, 100),
(17, 9, 9, 0.08, 100, 100),
(18, 1, 1, 3.85, 98, 100),
(18, 2, 2, 2.98, 98, 100),
(18, 3, 3, 0.02, 100, 100),
(18, 4, 4, 0.08, 100, 100),
(18, 5, 5, 0.69, 100, 100),
(18, 6, 6, 0.05, 100, 100),
(18, 7, 7, 0, 100, 100),
(18, 8, 8, 0.01, 100, 100),
(18, 9, 9, 0.05, 100, 100),
(19, 1, 1, 4.1, 100, 100),
(19, 2, 2, 1.32, 100, 100),
(19, 3, 3, 0.01, 100, 100),
(19, 4, 4, 0.05, 100, 100),
(19, 5, 5, 0.04, 100, 100),
(19, 6, 6, 0, 100, 100),
(19, 7, 7, 0, 100, 100),
(19, 8, 8, 0.01, 100, 100),
(19, 9, 9, 0.01, 100, 100),
(21, 1, 1, 0, 100, 100),
(21, 2, 2, 0.02, 100, 100),
(21, 3, 3, 0.03, 100, 100),
(21, 4, 4, 0, 100, 100),
(21, 5, 5, 0.05, 100, 100),
(21, 6, 6, 0, 100, 100),
(21, 7, 7, 0.02, 100, 100),
(21, 8, 8, 0.03, 100, 100),
(21, 9, 9, 0.01, 100, 100),
(21, 10, 12, 0, 100, 100),
(21, 11, 13, 0, 100, 100),
(21, 12, 14, 0.04, 100, 100),
(21, 13, 15, 0, 100, 100),
(21, 14, 16, 0, 100, 100),
(22, 1, 1, 0, 100, 100),
(22, 2, 2, 75.4, 90, 90),
(22, 3, 3, 0, 100, 100),
(22, 4, 4, 0.02, 100, 100),
(22, 5, 5, 0.16, 100, 100),
(22, 6, 6, 0, 100, 100),
(22, 7, 7, 0, 100, 100),
(22, 8, 8, 0, 100, 100),
(22, 9, 9, 0, 100, 100),
(22, 10, 12, 0, 100, 100),
(22, 11, 13, 0.05, 100, 100),
(22, 12, 14, 0, 100, 100),
(22, 13, 15, 0.09, 100, 100),
(22, 14, 16, 0, 100, 100),
(23, 1, 1, 4.15, 90, 90),
(23, 2, 2, 0.82, 100, 100),
(23, 3, 3, 0, 100, 100),
(23, 4, 4, 0, 100, 100),
(23, 5, 5, 0, 100, 100),
(23, 6, 6, 0, 100, 100),
(23, 7, 7, 0.06, 100, 100),
(23, 8, 8, 0.03, 100, 100),
(23, 9, 9, 0.03, 100, 100),
(24, 1, 1, 0.01, 100, 100),
(24, 2, 2, 0.01, 100, 100),
(24, 3, 3, 0.03, 100, 100),
(24, 4, 4, 0.01, 100, 100),
(24, 5, 5, 0.47, 100, 100),
(24, 6, 6, 0, 100, 100),
(24, 7, 7, 0, 100, 100),
(24, 8, 8, 0, 100, 100),
(24, 9, 9, 0.02, 100, 100),
(24, 10, 10, 0, 100, 100),
(24, 11, 13, 0, 100, 100),
(24, 12, 14, 0, 100, 100),
(24, 13, 15, 0, 100, 100),
(24, 14, 16, 0, 100, 100),
(25, 1, 1, 4.2, 100, 100),
(25, 2, 2, 1.01, 100, 100),
(25, 3, 3, 0.01, 100, 100),
(25, 4, 4, 0.03, 100, 100),
(25, 5, 5, 0.03, 100, 100),
(25, 6, 6, 0, 100, 100),
(25, 7, 7, 0.02, 100, 100),
(25, 8, 8, 0.04, 100, 100),
(25, 9, 9, 0, 100, 100),
(25, 10, 10, 0.03, 100, 100),
(25, 11, 13, 0.02, 100, 100),
(25, 12, 14, 0, 100, 100),
(25, 13, 15, 0, 100, 100),
(25, 14, 16, 0, 100, 100),
(26, 1, 1, 0, 100, 100),
(26, 2, 2, 0, 100, 100),
(26, 3, 3, 0, 100, 100),
(26, 4, 4, 0, 100, 100),
(26, 5, 5, 0, 100, 100),
(26, 6, 6, 0, 100, 100),
(26, 7, 7, 0, 100, 100),
(26, 8, 8, 99.9, 100, 100),
(26, 9, 9, 0, 100, 100),
(26, 10, 10, 0, 100, 100),
(26, 11, 13, 0, 100, 100),
(26, 12, 14, 0.04, 30, 100),
(26, 13, 15, 0, 100, 100),
(26, 14, 16, 0, 100, 100),
(27, 1, 1, 0, 100, 100),
(27, 2, 2, 0, 100, 100),
(27, 3, 3, 0, 100, 100),
(27, 4, 4, 0, 100, 100),
(27, 5, 5, 99.9, 100, 100),
(27, 6, 6, 0, 100, 100),
(27, 7, 7, 0, 100, 100),
(27, 8, 8, 0, 100, 100),
(27, 9, 9, 0, 100, 100),
(27, 10, 10, 0, 100, 100),
(27, 11, 13, 0, 100, 100),
(27, 12, 14, 0.01, 30, 100),
(27, 13, 15, 0, 100, 100),
(27, 14, 16, 0, 100, 100),
(28, 1, 1, 0, 100, 100),
(28, 2, 2, 0, 100, 100),
(28, 3, 3, 0, 100, 100),
(28, 4, 4, 0, 100, 100),
(28, 5, 5, 0, 100, 100),
(28, 6, 6, 0, 100, 100),
(28, 7, 7, 0, 100, 100),
(28, 8, 8, 0, 100, 100),
(28, 9, 9, 100, 100, 100),
(28, 10, 10, 0, 100, 100),
(28, 11, 13, 0, 100, 100),
(28, 12, 14, 0, 100, 100),
(28, 13, 15, 0, 100, 100),
(28, 14, 16, 0, 100, 100),
(29, 1, 1, 0.01, 100, 100),
(29, 2, 2, 1.65, 100, 100),
(29, 3, 3, 0, 100, 100),
(29, 4, 4, 29.9, 100, 100),
(29, 5, 5, 0.92, 100, 100),
(29, 6, 6, 0, 100, 100),
(29, 7, 7, 0.19, 100, 100),
(29, 8, 8, 0.35, 100, 100),
(29, 9, 9, 0, 100, 100),
(29, 10, 10, 0, 100, 100),
(29, 11, 13, 2.2, 100, 100),
(29, 12, 14, 0, 100, 100),
(29, 13, 15, 0, 100, 100),
(29, 14, 16, 0, 100, 100),
(30, 1, 1, 0, 100, 100),
(30, 2, 2, 0, 100, 100),
(30, 3, 3, 53, 100, 100),
(30, 4, 4, 0, 100, 100),
(30, 5, 5, 0, 100, 100),
(30, 6, 6, 0, 100, 100),
(30, 7, 7, 0, 100, 100),
(30, 8, 8, 0, 100, 100),
(30, 9, 9, 0.05, 100, 100),
(30, 10, 10, 0, 100, 100),
(30, 13, 13, 0, 100, 100),
(30, 14, 14, 0, 100, 100),
(30, 15, 15, 0, 100, 100),
(30, 16, 16, 0, 100, 100),
(31, 1, 1, 0, 100, 100),
(31, 2, 2, 0, 100, 100),
(31, 3, 3, 0, 100, 100),
(31, 4, 4, 0, 100, 100),
(31, 5, 5, 0, 100, 100),
(31, 6, 6, 0, 100, 100),
(31, 7, 7, 0, 100, 100),
(31, 8, 8, 0, 100, 100),
(31, 9, 9, 0, 100, 100),
(31, 10, 10, 0, 100, 100),
(31, 11, 13, 0, 100, 100),
(31, 12, 14, 0, 100, 100),
(31, 13, 15, 0, 100, 100),
(31, 14, 16, 0, 100, 100),
(31, 15, 17, 100, 15, 15),
(32, 1, 1, 98, 95, 95),
(32, 2, 3, 0.14, 100, 100),
(33, 1, 1, 3.07, 85, 85),
(33, 2, 3, 0.01, 100, 100),
(33, 3, 2, 1.34, 90, 90),
(33, 4, 9, 0.02, 100, 100),
(33, 5, 7, 0.06, 100, 100),
(33, 6, 8, 0.05, 100, 100),
(34, 1, 1, 4, 100, 100),
(34, 2, 3, 0, 100, 100),
(34, 3, 2, 1.5, 100, 100),
(34, 4, 9, 0, 100, 100),
(34, 5, 7, 0, 100, 100),
(34, 6, 8, 65, 100, 100),
(34, 7, 5, 0, 100, 100),
(34, 8, 4, 0, 100, 100),
(34, 9, 15, 0, 100, 100),
(34, 10, 13, 0, 100, 100),
(34, 11, 10, 0, 100, 100),
(34, 12, 14, 0, 100, 100),
(35, 1, 1, 0.00999999977648258, 100, 100),
(35, 2, 3, 0.00999999977648258, 100, 100),
(35, 3, 2, 1.37999999523163, 100, 100),
(35, 4, 9, 0, 100, 100),
(35, 5, 7, 0, 100, 100),
(35, 6, 8, 69.4599990844727, 100, 100),
(35, 7, 5, 0, 100, 100),
(35, 8, 4, 0.0199999995529652, 100, 100),
(35, 9, 15, 0, 100, 100),
(35, 10, 13, 0, 100, 100),
(35, 11, 10, 0, 100, 100),
(35, 12, 14, 0.0299999993294477, 30, 100),
(37, 1, 2, 2.8, 98, 95),
(37, 2, 1, 3.58, 95, 90),
(37, 3, 3, 0.07, 100, 100),
(37, 4, 9, 0.32, 100, 100),
(37, 5, 7, 0.07, 100, 100),
(37, 6, 8, 0.05, 100, 100),
(37, 7, 5, 0.48, 100, 100),
(37, 8, 4, 0.06, 100, 100),
(38, 1, 2, 1.36, 90, 90),
(38, 2, 1, 3.08, 85, 85),
(38, 3, 3, 0.01, 100, 100),
(38, 4, 9, 0.02, 100, 100),
(38, 5, 7, 0.06, 100, 100),
(38, 6, 8, 0.04, 100, 100),
(38, 7, 4, 0.01, 100, 100),
(39, 1, 2, 2.04, 90, 90),
(39, 2, 1, 3.13, 85, 85),
(39, 3, 3, 0.01, 100, 100),
(39, 4, 9, 0.02, 100, 100),
(39, 5, 7, 0, 100, 100),
(39, 6, 8, 0.04, 100, 100),
(40, 1, 2, 2.75, 90, 90),
(40, 2, 1, 3.65, 85, 85),
(40, 3, 3, 0.05, 100, 100),
(40, 4, 9, 0.1, 100, 100),
(40, 5, 7, 0.06, 100, 100),
(40, 6, 8, 0.04, 100, 100),
(40, 7, 5, 0.24, 100, 100),
(40, 8, 4, 0.03, 100, 100),
(41, 1, 2, 44.7, 90, 90),
(41, 2, 17, 6.2, 35, 35),
(43, 1, 7, 84, 100, 100),
(43, 2, 17, 15, 60, 60),
(44, 1, 1, 92, 90, 88),
(44, 2, 3, 0.1, 100, 100),
(45, 1, 1, 3.35, 100, 100),
(45, 2, 2, 2.15, 100, 100),
(45, 3, 3, 0.1, 100, 100),
(45, 4, 4, 0.1, 100, 100),
(45, 5, 5, 0.78, 100, 100),
(45, 6, 8, 0.12, 100, 100),
(45, 7, 9, 0.15, 100, 100),
(47, 1, 1, 3.6, 100, 100),
(47, 2, 2, 2.6, 100, 100),
(47, 3, 3, 0.01, 100, 100),
(47, 4, 4, 0.06, 100, 100),
(47, 5, 5, 0.25, 100, 100),
(47, 6, 8, 0.08, 100, 100),
(47, 7, 9, 0.11, 100, 100),
(47, 8, 7, 0.05, 100, 100),
(47, 9, 17, 0.05, 100, 100),
(48, 1, 17, 10, 30, 30),
(48, 2, 2, 45, 98, 98),
(48, 3, 15, 0, 100, 100),
(48, 4, 21, 0, 100, 100),
(49, 1, 17, 37, 25, 25),
(49, 2, 2, 45, 98, 98),
(49, 3, 15, 0, 100, 100),
(49, 4, 21, 0, 100, 100),
(50, 1, 16, 99.9, 100, 100),
(51, 1, 1, 3.42, 100, 100),
(51, 2, 2, 1.75, 100, 100),
(51, 3, 5, 0.55, 100, 100),
(51, 4, 3, 0.1, 100, 100),
(51, 5, 4, 0.08, 100, 100),
(51, 6, 9, 0.12, 100, 100),
(51, 7, 8, 0.11, 100, 100),
(52, 1, 1, 2.9, 98, 98),
(52, 2, 2, 1.85, 98, 98),
(52, 3, 5, 0.8, 100, 100),
(52, 4, 3, 0.1, 100, 100),
(52, 5, 4, 0.09, 100, 100),
(52, 6, 9, 0.12, 100, 100),
(52, 7, 8, 0.08, 100, 100),
(53, 1, 2, 0, 100, 100),
(53, 2, 5, 0, 100, 100),
(53, 3, 3, 0, 100, 100),
(53, 4, 4, 0, 100, 100),
(53, 5, 9, 0, 100, 100),
(53, 6, 8, 0, 100, 100),
(53, 7, 7, 99, 100, 100),
(53, 8, 22, 1, 98, 100),
(54, 1, 2, 1.75, 98, 100),
(54, 2, 5, 0.949999988079071, 98, 100),
(54, 3, 3, 0.00999999977648258, 100, 100),
(54, 4, 4, 0.00999999977648258, 100, 100),
(54, 5, 9, 0.119999997317791, 100, 100),
(54, 6, 8, 14.1999998092651, 98, 100),
(54, 7, 7, 0.150000005960464, 100, 100),
(54, 8, 1, 2.75, 95, 100);

-- --------------------------------------------------------

--
-- Structure de la table `element`
--

CREATE TABLE `element` (
  `CodeElement` int(11) NOT NULL,
  `Nom` varchar(5) NOT NULL
) ENGINE=MyISAM DEFAULT CHARSET=latin1;

--
-- Contenu de la table `element`
--

INSERT INTO `element` (`CodeElement`, `Nom`) VALUES
(1, 'C'),
(2, 'Si'),
(3, 'S'),
(4, 'P'),
(5, 'Mn'),
(6, 'Mo'),
(7, 'Ni'),
(8, 'Cr'),
(9, 'Cu'),
(10, 'V'),
(11, 'Zz'),
(12, 'Pb'),
(13, 'Ti'),
(14, 'N2'),
(15, 'Al'),
(16, 'Sn'),
(17, 'Mg'),
(18, 'W'),
(19, 'Nb'),
(20, 'Co'),
(21, 'Ca'),
(22, 'Fe');

-- --------------------------------------------------------

--
-- Structure de la table `famille`
--

CREATE TABLE `famille` (
  `CodeFamille` int(11) NOT NULL,
  `Nom` varchar(255) NOT NULL
) ENGINE=MyISAM DEFAULT CHARSET=latin1;

--
-- Contenu de la table `famille`
--

INSERT INTO `famille` (`CodeFamille`, `Nom`) VALUES
(6, 'Mati?res premi?res'),
(7, 'Ferro-alliages'),
(8, 'Recarburants'),
(10, 'bainpourfourdecoul'),
(11, 'Nodulisants'),
(12, 'Bainfourfusion');

-- --------------------------------------------------------

--
-- Structure de la table `matiere`
--

CREATE TABLE `matiere` (
  `CodeMatiere` int(11) NOT NULL,
  `CodeFamille` int(11) NOT NULL,
  `Nom` varchar(255) NOT NULL,
  `Prix` double DEFAULT NULL,
  `Stock` double DEFAULT NULL
) ENGINE=MyISAM DEFAULT CHARSET=latin1;

--
-- Contenu de la table `matiere`
--

INSERT INTO `matiere` (`CodeMatiere`, `CodeFamille`, `Nom`, `Prix`, `Stock`) VALUES
(1, 6, 'Fonte neuve', 216, 1153.06820168413),
(2, 6, 'acier E1C', 122, 358.189897077627),
(3, 6, 'Vieille fonte VF1', 162, 8922.77684681735),
(4, 6, 'acierE8', 150, 3825.02844781771),
(5, 6, 'Vieille fonte VF2', 130, 169.764010693898),
(6, 8, 'recarburantB', 750, 905.392370351632),
(7, 7, 'Ferro-chrome', 7622, 490.671264134429),
(8, 7, 'Ferro-silicium', 762, 281.540917581671),
(9, 7, 'Ferro-manganèse', 488, 77.1203886668653),
(10, 7, 'Ferro-phosphore', 442, 98.7718620084595),
(11, 7, 'Ferro-molybdène', 16770, 44.0859962004943),
(12, 7, 'Ferro-soufre', 457, 97.0263533541381),
(13, 7, 'Ferro-vanadium', 9146, 98.0248543728919),
(14, 7, 'Cuivre', 1677, 46.8081072820147),
(15, 7, 'Nickel', 7927, 939.216133278011),
(16, 7, 'Ferro-chrome suraffiné', 7170, 243.975366871214),
(17, 6, 'acier E40', 145, 4972.74591599293),
(18, 6, 'Fonte Hématite', 198, 977),
(19, 6, 'Fonte origine 1 pour GS', 225, 8542.99079778586),
(21, 6, 'fer pur origine1', 820, 3000),
(22, 7, 'Fe Si 75% (915GE)', 1100, 200),
(23, 6, 'Fonte neuve TS110', 280, 5180),
(24, 6, 'fer pur rond16', 820, 5000),
(25, 6, 'fonte RTS 110(GS)', 280, 1500),
(26, 7, 'Cr pur boulets', 10060, 250),
(27, 7, 'Mn pur', 3890, 200),
(28, 7, 'Cu', 2480, 900),
(29, 7, 'Fe P type1', 2380, 150),
(30, 7, 'Fe S Pyrite', 1860, 99.9299836147586),
(31, 11, 'Mg pur type1', 1700, 95),
(32, 8, 'Graphite', 560, 297.892349973308),
(33, 6, 'retoursFGL2', 150, 90),
(34, 7, 'Fe Cr carburé', 7170, 793.655407280703),
(35, 7, 'Fe Cr suraffiné (915EZ)', 7170, 552),
(37, 6, 'retoursFGS2', 180, 985.003412503571),
(38, 6, 'retoursFGL1', 150, 100),
(39, 6, 'retoursFGL3', 150, 1000),
(40, 6, 'retoursFGS1', 150, 1000),
(41, 11, 'FeSiMg6,20%', 1010, 229),
(43, 11, 'NiMg', 7540, 4999),
(44, 8, 'coke de pétrole', 450, 61.4002359724084),
(45, 10, 'bainFGL', 210, 1000),
(47, 10, 'bainFGS', 280, 1000),
(48, 11, 'VL63', 4500, 100),
(49, 11, 'VL81', 3500, 100),
(50, 7, 'Etain', 7470, 100),
(51, 12, 'BainFour3', 150, 3000),
(52, 12, 'BainFour2', 150, 700.729827333895),
(53, 7, 'Nickel1', 10000, 2000),
(54, 6, 'retoursFtCr', 11000, 899.973530342839);

-- --------------------------------------------------------

--
-- Structure de la table `matieresalliage`
--

CREATE TABLE `matieresalliage` (
  `CodeAlliage` int(11) NOT NULL,
  `CodeMatiere` int(11) NOT NULL
) ENGINE=MyISAM DEFAULT CHARSET=latin1;

--
-- Contenu de la table `matieresalliage`
--

INSERT INTO `matieresalliage` (`CodeAlliage`, `CodeMatiere`) VALUES
(1, 1),
(1, 2),
(1, 4),
(1, 6),
(1, 8),
(1, 11),
(1, 19),
(1, 32),
(1, 44),
(2, 1),
(2, 2),
(2, 3),
(2, 4),
(2, 5),
(2, 6),
(2, 7),
(2, 8),
(2, 9),
(2, 10),
(2, 11),
(2, 12),
(2, 14),
(2, 15),
(2, 16),
(2, 17),
(2, 18),
(2, 19),
(2, 24),
(2, 28),
(2, 30),
(4, 1),
(4, 2),
(4, 3),
(4, 4),
(4, 5),
(4, 6),
(4, 7),
(4, 8),
(4, 9),
(4, 10),
(4, 11),
(4, 12),
(4, 13),
(4, 14),
(4, 15),
(4, 16),
(4, 17),
(4, 18),
(4, 19),
(4, 24),
(4, 28),
(4, 30),
(4, 32),
(4, 34),
(5, 1),
(5, 2),
(5, 3),
(5, 4),
(5, 5),
(5, 6),
(5, 7),
(5, 8),
(5, 9),
(5, 10),
(5, 11),
(5, 12),
(5, 14),
(5, 15),
(5, 16),
(5, 17),
(5, 18),
(5, 19),
(5, 24),
(5, 28),
(5, 30),
(5, 32),
(5, 34),
(6, 1),
(6, 2),
(6, 3),
(6, 4),
(6, 6),
(6, 7),
(6, 8),
(6, 9),
(6, 10),
(6, 11),
(6, 12),
(6, 14),
(7, 1),
(7, 2),
(7, 3),
(7, 4),
(7, 5),
(7, 6),
(7, 7),
(7, 8),
(7, 9),
(7, 10),
(7, 11),
(7, 12),
(7, 14),
(7, 15),
(7, 51),
(8, 1),
(8, 2),
(8, 3),
(8, 4),
(8, 6),
(8, 7),
(8, 8),
(8, 9),
(8, 10),
(8, 11),
(8, 12),
(8, 14),
(8, 15),
(9, 1),
(9, 2),
(9, 3),
(9, 4),
(9, 5),
(9, 6),
(9, 7),
(9, 8),
(9, 9),
(9, 10),
(9, 11),
(9, 12),
(9, 14),
(9, 15),
(9, 16),
(9, 36),
(10, 1),
(10, 2),
(10, 4),
(10, 6),
(10, 7),
(10, 8),
(10, 9),
(10, 10),
(10, 11),
(10, 12),
(10, 14),
(10, 15),
(10, 16),
(10, 32),
(10, 37),
(11, 1),
(11, 2),
(11, 3),
(11, 4),
(11, 5),
(11, 6),
(11, 7),
(11, 8),
(11, 9),
(11, 10),
(11, 11),
(11, 12),
(11, 14),
(11, 15),
(11, 16),
(25, 22),
(25, 23),
(25, 24),
(25, 27),
(25, 28),
(25, 29),
(25, 30),
(25, 32),
(25, 35),
(25, 40),
(33, 22),
(33, 23),
(33, 24),
(33, 26),
(33, 27),
(33, 28),
(33, 29),
(33, 30),
(33, 32),
(33, 34),
(33, 35),
(36, 8),
(36, 24),
(36, 32),
(36, 44),
(36, 47),
(37, 2),
(37, 4),
(37, 8),
(37, 9),
(37, 10),
(37, 17),
(37, 18),
(37, 30),
(37, 32),
(37, 33),
(37, 38),
(37, 44),
(38, 9),
(38, 32),
(38, 41),
(38, 44),
(38, 47),
(39, 8),
(39, 9),
(39, 11),
(39, 41),
(39, 47),
(40, 2),
(40, 4),
(40, 6),
(40, 7),
(40, 8),
(40, 9),
(40, 10),
(40, 14),
(40, 16),
(40, 17),
(40, 24),
(40, 28),
(40, 30),
(40, 32),
(40, 34),
(40, 44),
(40, 52),
(41, 7),
(41, 8),
(41, 9),
(41, 10),
(41, 11),
(41, 28),
(41, 32),
(41, 44),
(41, 51),
(41, 52);

-- --------------------------------------------------------

--
-- Structure de la table `minimaxi`
--

CREATE TABLE `minimaxi` (
  `CodeAlliage` int(11) NOT NULL,
  `CodeMiniMaxi` int(11) NOT NULL,
  `CodeElement` int(11) NOT NULL,
  `TeneurMini` double NOT NULL,
  `TeneurMaxi` double NOT NULL
) ENGINE=MyISAM DEFAULT CHARSET=latin1;

--
-- Contenu de la table `minimaxi`
--

INSERT INTO `minimaxi` (`CodeAlliage`, `CodeMiniMaxi`, `CodeElement`, `TeneurMini`, `TeneurMaxi`) VALUES
(1, 1, 1, 3.15, 3.4),
(1, 2, 2, 3, 3.2),
(1, 3, 3, 0, 0.01),
(1, 4, 4, 0, 0.08),
(1, 5, 5, 0, 0.25),
(1, 6, 6, 0.35, 0.45),
(1, 7, 7, 0, 0.05),
(1, 8, 8, 0, 0.05),
(1, 9, 9, 0, 0.08),
(2, 1, 1, 2.9, 3.1),
(2, 2, 2, 1.8, 2.1),
(2, 3, 3, 0, 0.1),
(2, 4, 4, 0, 0.08),
(2, 5, 5, 0, 0.25),
(2, 6, 6, 0, 0.15),
(2, 7, 7, 28, 31),
(2, 8, 8, 0.5, 1),
(2, 9, 9, 0, 0.08),
(3, 1, 1, 3.35, 3.45),
(3, 2, 2, 1.8, 1.95),
(3, 3, 3, 0.04, 0.08),
(3, 4, 4, 0.25, 0.35),
(3, 5, 5, 0.5, 0.7),
(3, 6, 6, 0.2, 0.35),
(3, 7, 7, 0, 0.15),
(3, 8, 8, 0.1, 0.2),
(3, 9, 9, 0.35, 0.5),
(3, 10, 10, 0.1, 0.3),
(4, 1, 1, 3.5, 3.7),
(4, 2, 2, 1.8, 2.1),
(4, 3, 3, 0.05, 0.12),
(4, 4, 4, 0, 0.08),
(4, 5, 5, 0.5, 0.7),
(4, 6, 6, 0.2, 0.3),
(4, 7, 7, 0, 0.15),
(4, 8, 8, 0.2, 0.3),
(4, 9, 9, 0.2, 0.3),
(4, 10, 10, 0.07, 0.09),
(5, 1, 1, 2.75, 2.95),
(5, 2, 2, 1.8, 2.4),
(5, 3, 3, 0, 0.1),
(5, 4, 4, 0, 0.08),
(5, 5, 5, 0.8, 1),
(5, 6, 6, 0.15, 0.3),
(5, 7, 8, 14.7, 15),
(5, 8, 9, 0, 0.2),
(5, 9, 7, 0.08, 0.2),
(6, 1, 1, 3.35, 3.5),
(6, 2, 2, 1.95, 2.15),
(6, 3, 3, 0.05, 0.13),
(6, 4, 4, 0.02, 0.12),
(6, 5, 5, 0.4, 0.8),
(6, 6, 6, 0, 0.1),
(6, 7, 7, 0, 0.1),
(6, 8, 8, 0, 0.1),
(6, 9, 9, 0, 0.1),
(7, 1, 1, 3.35, 3.4),
(7, 2, 2, 1.95, 2),
(7, 3, 3, 0.05, 0.12),
(7, 4, 4, 0, 0.08),
(7, 5, 5, 0.8, 0.95),
(7, 6, 6, 0.35, 0.45),
(7, 7, 7, 0, 0.15),
(7, 8, 8, 0.35, 0.4),
(7, 9, 9, 1, 1.05),
(8, 1, 1, 2.1, 2.35),
(8, 2, 2, 0.5, 1),
(8, 3, 3, 0, 0.05),
(8, 4, 4, 0, 0.05),
(8, 5, 5, 0, 0.05),
(8, 6, 6, 0.3, 0.6),
(8, 7, 7, 0.3, 1),
(8, 8, 8, 24, 25.5),
(8, 9, 9, 0, 0.05),
(9, 1, 1, 3.6, 3.75),
(9, 2, 2, 2.2, 2.3),
(9, 3, 3, 0, 0.08),
(9, 4, 4, 0, 0.06),
(9, 5, 5, 0, 0.22),
(9, 6, 6, 0, 0.06),
(9, 7, 7, 0, 0.05),
(9, 8, 8, 0, 0.06),
(9, 9, 9, 0, 0.08),
(10, 1, 1, 3.45, 3.55),
(10, 2, 2, 1.8, 2.1),
(10, 3, 3, 0, 0.08),
(10, 4, 4, 0, 0.06),
(10, 5, 5, 0.15, 0.4),
(10, 6, 6, 0, 0.05),
(10, 7, 7, 0, 0.05),
(10, 8, 8, 0, 0.06),
(10, 9, 9, 0.3, 0.5),
(11, 1, 1, 3.35, 3.5),
(11, 2, 2, 2, 2.3),
(11, 3, 3, 0, 0.08),
(11, 4, 4, 0, 0.06),
(11, 5, 5, 0.2, 0.45),
(11, 6, 6, 0.1, 0.2),
(11, 7, 7, 0.1, 0.3),
(11, 8, 8, 0, 0.05),
(11, 9, 9, 0.6, 0.8),
(25, 1, 1, 3.6, 3.65),
(25, 2, 2, 1.4, 1.45),
(25, 3, 3, 0.12, 0.125),
(25, 4, 4, 0.3, 0.305),
(25, 5, 5, 0.37, 0.375),
(25, 6, 7, 0, 0.06),
(25, 7, 8, 0.3, 0.305),
(25, 8, 9, 0.1, 0.105),
(25, 9, 10, 0, 0.03),
(25, 10, 13, 0, 0.03),
(25, 11, 14, 0, 0.04),
(25, 12, 15, 0, 0.001),
(33, 1, 1, 3, 3.05),
(33, 2, 3, 0.03, 0.03),
(33, 3, 2, 1.4, 1.45),
(33, 4, 9, 0.1, 0.1),
(33, 5, 7, 0, 0.06),
(33, 6, 8, 0.05, 0.05),
(33, 7, 5, 0.37, 0.38),
(33, 8, 4, 0.02, 0.03),
(33, 9, 15, 0, 0.09),
(33, 10, 13, 0, 0.05),
(33, 11, 14, 0, 0.05),
(34, 1, 1, 0.42, 0.47),
(34, 2, 2, 1.15, 1.25),
(34, 3, 5, 0.75, 0.85),
(34, 4, 7, 12, 12.2),
(34, 5, 8, 24.8, 25.2),
(34, 6, 6, 0, 0.05),
(35, 1, 1, 0.25, 0.35),
(35, 2, 3, 0.4, 0.6),
(35, 3, 8, 0.8, 1),
(35, 4, 7, 0.1, 0.3),
(36, 1, 1, 3.5, 3.6),
(36, 2, 2, 2.8, 3),
(36, 3, 3, 0, 0.01),
(36, 4, 4, 0, 0.08),
(36, 5, 5, 0, 0.28),
(36, 6, 8, 0, 0.12),
(36, 7, 9, 0, 0.1),
(36, 8, 7, 0, 0.12),
(36, 9, 17, 0.04, 0.05),
(37, 1, 1, 3.35, 3.5),
(37, 2, 2, 1.8, 1.95),
(37, 3, 3, 0.05, 0.12),
(37, 4, 4, 0.25, 0.45),
(37, 5, 5, 0.5, 0.75),
(37, 6, 8, 0, 0.08),
(37, 7, 9, 0, 0.15),
(37, 8, 6, 0, 0.08),
(37, 9, 7, 0, 0.1),
(38, 1, 1, 3.62, 3.72),
(38, 2, 2, 2.7, 2.9),
(38, 3, 3, 0, 0.01),
(38, 4, 4, 0, 0.08),
(38, 5, 5, 0, 0.28),
(38, 6, 8, 0, 0.1),
(38, 7, 9, 0, 0.12),
(38, 8, 7, 0, 0.08),
(38, 9, 17, 0.04, 0.05),
(39, 1, 1, 3.55, 3.7),
(39, 2, 2, 2.65, 2.75),
(39, 3, 3, 0, 0.01),
(39, 4, 4, 0, 0.1),
(39, 5, 5, 0.45, 0.55),
(39, 6, 8, 0, 0.12),
(39, 7, 9, 0.45, 0.55),
(39, 8, 6, 0.1, 0.15),
(39, 9, 7, 0, 0.15),
(39, 10, 17, 0.05, 0.06),
(40, 1, 1, 3.25, 3.35),
(40, 2, 2, 1.75, 1.9),
(40, 3, 5, 0.75, 0.85),
(40, 4, 3, 0.05, 0.12),
(40, 5, 4, 0, 0.09),
(40, 6, 9, 0.8, 1),
(40, 7, 8, 0.15, 0.3),
(40, 8, 7, 0, 0.05),
(40, 9, 6, 0, 0.06),
(41, 1, 1, 3.3, 3.35),
(41, 2, 2, 2.3, 2.5),
(41, 3, 5, 0.45, 0.55),
(41, 4, 3, 0, 0.01),
(41, 5, 4, 0, 0.06),
(41, 6, 9, 0.45, 0.65),
(41, 7, 8, 0.05, 0.15),
(41, 8, 7, 0.3, 0.5),
(41, 9, 6, 0.15, 0.25);

-- --------------------------------------------------------

--
-- Doublure de structure pour la vue `v_compo`
-- (Voir ci-dessous la vue réelle)
--
CREATE TABLE `v_compo` (
`CodeCompo` int(11)
,`CodeElement` int(11)
,`Element` varchar(5)
,`CodeMatiere` int(11)
,`Rendement` double
,`RendementLiquide` double
,`Teneur` double
);

-- --------------------------------------------------------

--
-- Doublure de structure pour la vue `v_minimaxi`
-- (Voir ci-dessous la vue réelle)
--
CREATE TABLE `v_minimaxi` (
`CodeAlliage` int(11)
,`CodeElement` int(11)
,`Element` varchar(5)
,`CodeMiniMaxi` int(11)
,`TeneurMaxi` double
,`TeneurMini` double
);

-- --------------------------------------------------------

--
-- Structure de la vue `v_compo`
--
DROP TABLE IF EXISTS `v_compo`;

CREATE ALGORITHM=UNDEFINED DEFINER=`root`@`localhost` SQL SECURITY DEFINER VIEW `v_compo`  AS  select `compo`.`CodeCompo` AS `CodeCompo`,`compo`.`CodeElement` AS `CodeElement`,`element`.`Nom` AS `Element`,`compo`.`CodeMatiere` AS `CodeMatiere`,`compo`.`Rendement` AS `Rendement`,`compo`.`RendementLiquide` AS `RendementLiquide`,`compo`.`Teneur` AS `Teneur` from (`compo` join `element`) where (`compo`.`CodeElement` = `element`.`CodeElement`) ;

-- --------------------------------------------------------

--
-- Structure de la vue `v_minimaxi`
--
DROP TABLE IF EXISTS `v_minimaxi`;

CREATE ALGORITHM=UNDEFINED DEFINER=`root`@`localhost` SQL SECURITY DEFINER VIEW `v_minimaxi`  AS  select `minimaxi`.`CodeAlliage` AS `CodeAlliage`,`minimaxi`.`CodeElement` AS `CodeElement`,`element`.`Nom` AS `Element`,`minimaxi`.`CodeMiniMaxi` AS `CodeMiniMaxi`,`minimaxi`.`TeneurMaxi` AS `TeneurMaxi`,`minimaxi`.`TeneurMini` AS `TeneurMini` from (`minimaxi` join `element`) where (`minimaxi`.`CodeElement` = `element`.`CodeElement`) ;

/*!40101 SET CHARACTER_SET_CLIENT=@OLD_CHARACTER_SET_CLIENT */;
/*!40101 SET CHARACTER_SET_RESULTS=@OLD_CHARACTER_SET_RESULTS */;
/*!40101 SET COLLATION_CONNECTION=@OLD_COLLATION_CONNECTION */;
